close,change,momentum,Prediction
37.4012,-0.2019,-1.0,40.6321
37.3134,-0.0878,-1.0,41.3082
37.2959,-0.0176,-1.0,41.1589
37.2432,-0.0527,-1.0,41.8174
37.41,0.1668,1.0,42.1422
37.1466,-0.2634,-1.0,42.2388
37.4188,0.2722,1.0,42.2564
37.3134,-0.1054,-1.0,42.4495
37.1115,-0.2019,-1.0,43.0026
37.6734,0.5619,1.0,42.59
37.173,-0.5004,-1.0,42.8007
37.0061,-0.1668,-1.0,42.9851
36.1457,-0.8604,-1.0,42.7656
36.2335,0.0878,1.0,43.0992
36.0492,-0.1844,-1.0,43.0553
36.014,-0.0351,-1.0,43.4767
35.7155,-0.2985,-1.0,43.626
35.8121,0.0966,1.0,42.5549
36.0579,0.2458,1.0,42.7217
36.1545,0.0966,1.0,42.0457
35.8209,-0.3336,-1.0,42.0544
35.4522,-0.3687,-1.0,42.9412
35.3644,-0.0878,-1.0,42.9412
35.4697,0.1054,1.0,43.0904
35.7331,0.2634,1.0,43.3187
35.7155,-0.0176,-1.0,43.4504
35.9087,0.1932,1.0,43.4767
35.6365,-0.2722,-1.0,43.1782
36.2599,0.6234,1.0,43.5294
36.4004,0.1405,1.0,43.6611
36.1633,-0.2371,-1.0,43.6874
36.4881,0.3248,1.0,43.5031
36.5233,0.0351,1.0,43.4592
36.1721,-0.3512,-1.0,43.7577
37.0852,0.9131,1.0,43.8455
36.6198,-0.4653,-1.0,43.1168
36.532,-0.0878,-1.0,42.8885
36.8481,0.3161,1.0,43.0114
36.7428,-0.1054,-1.0,43.5558
36.7954,0.0527,1.0,43.8982
36.6198,-0.1756,-1.0,43.3626
37.9104,1.2906,1.0,43.7489
37.8841,-0.0263,-1.0,44.3635
38.3407,0.4565,1.0,44.1879
38.525,0.1844,1.0,43.9596
38.5689,0.0439,1.0,44.6708
38.4636,-0.1054,-1.0,44.6971
38.8411,0.3775,1.0,44.2406
38.8499,0.0088,1.0,44.2581
39.2362,0.3863,1.0,43.986
39.2625,0.0263,1.0,43.3099
39.1572,-0.1054,-1.0,42.4583
39.3591,0.2019,1.0,42.8183
39.4293,0.0702,1.0,43.2924
38.9289,-0.5004,-1.0,43.8104
38.6128,-0.3161,-1.0,43.9508
38.8411,0.2283,1.0,43.986
39.1045,0.2634,1.0,44.2142
39.1484,0.0439,1.0,44.223
39.043,-0.1054,-1.0,44.2054
38.7884,-0.2546,-1.0,44.4601
38.9728,0.1844,1.0,44.9078
38.885,-0.0878,-1.0,45.0483
38.5689,-0.3161,-1.0,45.3731
38.525,-0.0439,-1.0,45.6629
38.8586,0.3336,1.0,45.4697
38.8148,-0.0439,-1.0,46.3301
38.5865,-0.2283,-1.0,46.4706
38.7884,0.2019,1.0,46.0492
39.2274,0.439,1.0,46.0228
38.885,-0.3424,-1.0,45.6892
39.2625,0.3775,1.0,45.7068
39.5347,0.2722,1.0,45.6892
39.561,0.0263,1.0,45.7594
39.5698,0.0088,1.0,45.4083
39.9298,0.36,1.0,45.5399
39.7981,-0.1317,-1.0,46.3213
38.9991,-0.7989,-1.0,46.5321
38.7533,-0.2458,-1.0,46.6813
38.9728,0.2195,1.0,47.252
38.0773,-0.8955,-1.0,47.6558
38.3407,0.2634,1.0,47.5944
37.6295,-0.7111,-1.0,47.7261
37.4539,-0.1756,-1.0,48.0246
36.3565,-1.0975,-1.0,47.77
36.4881,0.1317,1.0,47.6822
37.2959,0.8077,1.0,47.0061
37.3134,0.0176,1.0,47.05
37.77,0.4565,1.0,47.3398
37.2695,-0.5004,-1.0,47.5505
36.6989,-0.5707,-1.0,47.2256
36.9798,0.2809,1.0,47.9192
36.6374,-0.3424,-1.0,47.4188
36.5145,-0.1229,-1.0,47.0413
35.3995,-1.115,-1.0,47.1291
35.6629,0.2634,1.0,47.6207
35.3644,-0.2985,-1.0,47.6295
35.2414,-0.1229,-1.0,47.5593
35.0395,-0.2019,-1.0,46.9008
36.137,1.0975,1.0,46.7428
35.8911,-0.2458,-1.0,46.8218
35.5487,-0.3424,-1.0,47.0852
36.4091,0.8604,1.0,47.5241
36.8393,0.4302,1.0,48.3846
35.5224,-1.3169,-1.0,47.7788
35.1273,-0.3951,-1.0,47.6471
36.0667,0.9394,1.0,46.7779
35.8736,-0.1932,-1.0,46.6637
36.892,1.0184,1.0,46.5233
36.7252,-0.1668,-1.0,46.0667
36.7779,0.0527,1.0,46.2862
37.4276,0.6497,1.0,45.6014
37.2344,-0.1931,-1.0,46.2248
37.2344,0.0,0.0,46.2511
37.1203,-0.1141,-1.0,45.3556
36.6111,-0.5092,-1.0,45.4873
36.1194,-0.4917,-1.0,45.3644
36.0492,-0.0702,-1.0,46.0053
35.6277,-0.4214,-1.0,46.2687
35.8736,0.2458,1.0,45.9789
35.9263,0.0527,1.0,45.5838
35.4609,-0.4653,-1.0,44.9693
35.3468,-0.1141,-1.0,45.3205
34.8639,-0.4829,-1.0,45.7331
34.6181,-0.2458,-1.0,46.1194
34.6005,-0.0176,-1.0,46.2511
35.3029,0.7024,1.0,47.3134
35.4434,0.1405,1.0,47.1203
35.7507,0.3073,1.0,47.41
35.9789,0.2283,1.0,48.3055
36.4267,0.4478,1.0,47.849
36.6111,0.1844,1.0,47.2959
36.6286,0.0176,1.0,47.2432
35.6716,-0.957,-1.0,47.1378
36.014,0.3424,1.0,46.7867
36.374,0.36,1.0,46.6286
35.338,-1.036,-1.0,45.9526
36.4004,1.0623,1.0,46.5584
36.7779,0.3775,1.0,46.0667
36.9184,0.1405,1.0,46.6637
36.9096,-0.0088,-1.0,46.734
36.9622,0.0527,1.0,46.4969
36.2774,-0.6848,-1.0,46.6901
36.2335,-0.0439,-1.0,45.9877
36.8306,0.597,1.0,45.4609
36.8832,0.0527,1.0,45.2063
36.9974,0.1141,1.0,44.4688
36.813,-0.1844,-1.0,43.547
36.4969,-0.3161,-1.0,43.6084
36.6725,0.1756,1.0,42.0369
36.3126,-0.36,-1.0,42.4934
35.4697,-0.8428,-1.0,40.079
35.1185,-0.3512,-1.0,41.0887
34.9342,-0.1844,-1.0,39.3415
35.18,0.2458,1.0,41.0887
35.4258,0.2458,1.0,41.5013
35.3117,-0.1141,-1.0,42.0369
34.6356,-0.676,-1.0,42.1159
34.5917,-0.0439,-1.0,42.0018
34.2845,-0.3073,-1.0,40.755
34.0738,-0.2107,-1.0,40.6673
34.1791,0.1054,1.0,41.0009
34.0211,-0.158,-1.0,42.3793
34.5566,0.5356,1.0,42.8095
34.0913,-0.4653,-1.0,42.0983
33.8982,-0.1932,-1.0,42.7392
34.5654,0.6673,1.0,43.3714
34.8464,0.2809,1.0,43.7665
35.1888,0.3424,1.0,43.9245
34.8376,-0.3512,-1.0,43.5996
34.82,-0.0176,-1.0,42.59
35.0483,0.2283,1.0,42.151
35.2063,0.158,1.0,43.0378
35.4785,0.2722,1.0,42.7656
35.6014,0.1229,1.0,41.8086
36.1721,0.5707,1.0,42.4144
36.1106,-0.0615,-1.0,42.669
36.2862,0.1756,1.0,43.3714
36.9008,0.6146,1.0,44.3723
36.6637,-0.2371,-1.0,44.5654
36.7954,0.1317,1.0,44.4513
36.5408,-0.2546,-1.0,44.5303
37.4364,0.8955,1.0,43.1256
36.9622,-0.4741,-1.0,41.6067
37.2959,0.3336,1.0,41.2292
36.9798,-0.3161,-1.0,41.9227
36.9008,-0.079,-1.0,42.1686
36.7164,-0.1844,-1.0,41.8525
36.655,-0.0615,-1.0,42.2476
37.0149,0.36,1.0,41.396
36.971,-0.0439,-1.0,40.7989
37.0325,0.0615,1.0,41.554
36.9622,-0.0702,-1.0,42.2739
36.9096,-0.0527,-1.0,42.8358
36.8745,-0.0351,-1.0,42.8973
37.2783,0.4039,1.0,43.8718
37.2871,0.0088,1.0,44.144
37.6997,0.4126,1.0,44.9693
37.7173,0.0176,1.0,44.6795
37.4012,-0.3161,-1.0,45.4083
38.007,0.6058,1.0,44.7761
38.2529,0.2458,1.0,45.4083
38.4548,0.2019,1.0,44.9078
38.6216,0.1668,1.0,44.9166
38.7972,0.1756,1.0,45.8736
39.2274,0.4302,1.0,46.2335
38.9552,-0.2722,-1.0,45.7155
39.0606,0.1054,1.0,44.6181
39.2625,0.2019,1.0,46.3301
39.3503,0.0878,1.0,46.1809
39.6313,0.2809,1.0,45.9438
40.1756,0.5443,1.0,44.504
40.2458,0.0702,1.0,44.7322
39.921,-0.3248,-1.0,45.7858
39.7805,-0.1405,-1.0,45.3292
40.1317,0.3512,1.0,45.4697
40.2371,0.1054,1.0,46.4004
39.8771,-0.36,-1.0,44.5917
39.8683,-0.0088,-1.0,44.9429
39.1835,-0.6848,-1.0,45.7946
39.043,-0.1405,-1.0,45.338
39.7454,0.7024,1.0,46.0404
39.8507,0.1054,1.0,44.7147
40.0176,0.1668,1.0,43.9245
39.5083,-0.5092,-1.0,43.8016
40.158,0.6497,1.0,43.2397
39.9298,-0.2283,-1.0,42.8183
39.561,-0.3687,-1.0,42.0193
39.1308,-0.4302,-1.0,42.0808
40.4829,1.3521,1.0,42.9236
40.9921,0.5092,1.0,42.8095
41.0272,0.0351,1.0,44.8551
40.9043,-0.1229,-1.0,45.2151
40.8341,-0.0702,-1.0,45.0395
40.7902,-0.0439,-1.0,45.7331
40.8516,0.0615,1.0,45.777
40.8516,0.0,0.0,45.8033
40.7989,-0.0527,-1.0,45.3117
41.115,0.3161,1.0,46.0755
40.9131,-0.2019,-1.0,45.4522
41.1326,0.2195,1.0,45.1624
41.1414,0.0088,1.0,44.8727
41.0623,-0.079,-1.0,44.9254
41.1326,0.0702,1.0,45.417
41.1853,0.0527,1.0,45.1712
40.8428,-0.3424,-1.0,47.0852
40.8867,0.0439,1.0,47.1027
40.8516,-0.0351,-1.0,47.2608
40.7989,-0.0527,-1.0,47.6997
40.7638,-0.0351,-1.0,47.7963
40.6321,-0.1317,-1.0,47.2344
41.3082,0.676,1.0,47.7173
41.1589,-0.1493,-1.0,47.4188
41.8174,0.6585,1.0,47.8139
42.1422,0.3248,1.0,47.7612
42.2388,0.0966,1.0,48.1124
42.2564,0.0176,1.0,48.1826
42.4495,0.1932,1.0,47.9982
43.0026,0.5531,1.0,47.9895
42.59,-0.4126,-1.0,47.9456
42.8007,0.2107,1.0,48.2529
42.9851,0.1844,1.0,48.2441
42.7656,-0.2195,-1.0,48.8674
43.0992,0.3336,1.0,49.6049
43.0553,-0.0439,-1.0,49.9561
43.4767,0.4214,1.0,49.8595
43.626,0.1493,1.0,49.763
42.5549,-1.0711,-1.0,49.8068
42.7217,0.1668,1.0,49.9737
42.0457,-0.676,-1.0,49.0079
42.0544,0.0088,1.0,48.5865
42.9412,0.8867,1.0,48.2002
42.9412,0.0,0.0,48.0948
43.0904,0.1493,1.0,48.2441
43.3187,0.2283,1.0,48.1299
43.4504,0.1317,1.0,48.7357
43.4767,0.0263,1.0,48.4021
43.1782,-0.2985,-1.0,48.1738
43.5294,0.3512,1.0,47.928
43.6611,0.1317,1.0,47.9104
43.6874,0.0263,1.0,47.4188
43.5031,-0.1844,-1.0,47.6119
43.4592,-0.0439,-1.0,47.6295
43.7577,0.2985,1.0,47.2256
43.8455,0.0878,1.0,47.2695
43.1168,-0.7287,-1.0,47.6295
42.8885,-0.2283,-1.0,47.2871
43.0114,0.1229,1.0,47.2432
43.5558,0.5443,1.0,47.2344
43.8982,0.3424,1.0,47.252
43.3626,-0.5356,-1.0,47.5066
43.7489,0.3863,1.0,47.8841
44.3635,0.6146,1.0,47.691
44.1879,-0.1756,-1.0,48.1738
43.9596,-0.2283,-1.0,47.7963
44.6708,0.7112,1.0,47.8402
44.6971,0.0263,1.0,47.3047
44.2406,-0.4565,-1.0,47.6471
44.2581,0.0176,1.0,47.9368
43.986,-0.2722,-1.0,48.2441
43.3099,-0.676,-1.0,48.1826
42.4583,-0.8516,-1.0,48.3494
42.8183,0.36,1.0,48.4548
43.2924,0.4741,1.0,48.6216
43.8104,0.518,1.0,48.3758
43.9508,0.1405,1.0,48.5689
43.986,0.0351,1.0,48.3582
44.2142,0.2283,1.0,48.3582
44.223,0.0088,1.0,48.3319
44.2054,-0.0176,-1.0,48.2792
44.4601,0.2546,1.0,48.9289
44.9078,0.4478,1.0,48.9377
45.0483,0.1405,1.0,48.6918
45.3731,0.3248,1.0,48.3143
45.6629,0.2897,1.0,48.4548
45.4697,-0.1931,-1.0,49.1133
46.3301,0.8604,1.0,49.122
46.4706,0.1405,1.0,48.7182
46.0492,-0.4214,-1.0,48.8148
46.0228,-0.0263,-1.0,47.9104
45.6892,-0.3336,-1.0,47.3398
45.7068,0.0176,1.0,47.9543
45.6892,-0.0176,-1.0,48.2704
45.7594,0.0702,1.0,47.8402
45.4083,-0.3512,-1.0,48.0246
45.5399,0.1317,1.0,48.7709
46.3213,0.7814,1.0,47.9631
46.5321,0.2107,1.0,47.9543
46.6813,0.1493,1.0,48.3055
47.252,0.5707,1.0,47.8841
47.6558,0.4039,1.0,48.0509
47.5944,-0.0615,-1.0,48.5601
47.7261,0.1317,1.0,48.7972
48.0246,0.2985,1.0,49.0079
47.77,-0.2546,-1.0,48.8323
47.6822,-0.0878,-1.0,48.4723
47.0061,-0.676,-1.0,48.0246
47.05,0.0439,1.0,47.8227
47.3398,0.2897,1.0,47.0237
47.5505,0.2107,1.0,47.0237
47.2256,-0.3248,-1.0,47.1378
47.9192,0.6936,1.0,46.7779
47.4188,-0.5004,-1.0,47.0061
47.0413,-0.3775,-1.0,47.1466
47.1291,0.0878,1.0,46.8832
47.6207,0.4917,1.0,46.6286
47.6295,0.0088,1.0,46.8218
47.5593,-0.0702,-1.0,46.1106
46.9008,-0.6585,-1.0,45.6453
46.7428,-0.158,-1.0,46.2687
46.8218,0.079,1.0,46.4969
47.0852,0.2634,1.0,46.3916
47.5241,0.439,1.0,46.6637
48.3846,0.8604,1.0,46.2511
47.7788,-0.6058,-1.0,46.4355
47.6471,-0.1317,-1.0,46.1018
46.7779,-0.8692,-1.0,45.7858
46.6637,-0.1141,-1.0,44.7059
46.5233,-0.1405,-1.0,45.259
46.0667,-0.4565,-1.0,45.4873
46.2862,0.2195,1.0,46.6111
45.6014,-0.6848,-1.0,46.6637
46.2248,0.6234,1.0,47.1291
46.2511,0.0263,1.0,46.6989
45.3556,-0.8955,-1.0,47.1466
45.4873,0.1317,1.0,46.8481
45.3644,-0.1229,-1.0,47.7788
46.0053,0.6409,1.0,48.3231
46.2687,0.2634,1.0,48.3758
45.9789,-0.2897,-1.0,48.7006
45.5838,-0.3951,-1.0,48.5601
44.9693,-0.6146,-1.0,47.8841
45.3205,0.3512,1.0,48.0246
45.7331,0.4126,1.0,47.3398
46.1194,0.3863,1.0,47.3486
46.2511,0.1317,1.0,47.8314
47.3134,1.0623,1.0,47.568
47.1203,-0.1932,-1.0,48.8674
47.41,0.2897,1.0,48.9552
48.3055,0.8955,1.0,49.1659
47.849,-0.4565,-1.0,49.5786
47.2959,-0.5531,-1.0,48.6655
47.2432,-0.0527,-1.0,48.7445
47.1378,-0.1054,-1.0,48.6567
46.7867,-0.3512,-1.0,48.6831
46.6286,-0.158,-1.0,48.6216
45.9526,-0.676,-1.0,49.0255
46.5584,0.6058,1.0,48.885
46.0667,-0.4917,-1.0,49.2011
46.6637,0.597,1.0,49.9122
46.734,0.0702,1.0,49.6049
46.4969,-0.2371,-1.0,49.2537
46.6901,0.1932,1.0,48.7445
45.9877,-0.7024,-1.0,48.5075
45.4609,-0.5268,-1.0,48.6479
45.2063,-0.2546,-1.0,49.6225
44.4688,-0.7375,-1.0,50.5707
43.547,-0.9219,-1.0,50.3424
43.6084,0.0615,1.0,49.6488
42.0369,-1.5716,-1.0,49.0342
42.4934,0.4565,1.0,48.9464
40.079,-2.4144,-1.0,49.9824
41.0887,1.0097,1.0,49.8595
39.3415,-1.7471,-1.0,50.2371
41.0887,1.7471,1.0,50.4565
41.5013,0.4126,1.0,50.1756
42.0369,0.5356,1.0,50.5795
42.1159,0.079,1.0,50.1932
42.0018,-0.1141,-1.0,50.7287
40.755,-1.2467,-1.0,50.7814
40.6673,-0.0878,-1.0,51.2994
41.0009,0.3336,1.0,51.3696
42.3793,1.3784,1.0,51.2379
42.8095,0.4302,1.0,51.0711
42.0983,-0.7112,-1.0,50.9921
42.7392,0.6409,1.0,50.8955
43.3714,0.6321,1.0,51.2906
43.7665,0.3951,1.0,51.3696
43.9245,0.158,1.0,51.2643
43.5996,-0.3248,-1.0,51.2555
42.59,-1.0097,-1.0,50.8604
42.151,-0.439,-1.0,50.9921
43.0378,0.8867,1.0,51.0097
42.7656,-0.2722,-1.0,51.0887
41.8086,-0.957,-1.0,52.1159
42.4144,0.6058,1.0,52.0193
42.669,0.2546,1.0,51.8349
43.3714,0.7024,1.0,51.6594
44.3723,1.0009,1.0,50.3863
44.5654,0.1931,1.0,50.7287
44.4513,-0.1141,-1.0,51.3169
44.5303,0.079,1.0,51.2818
43.1256,-1.4047,-1.0,51.3345
41.6067,-1.5189,-1.0,51.3169
41.2292,-0.3775,-1.0,51.4838
41.9227,0.6936,1.0,51.4838
42.1686,0.2458,1.0,51.6769
41.8525,-0.3161,-1.0,51.2643
42.2476,0.3951,1.0,50.9921
41.396,-0.8516,-1.0,51.2994
40.7989,-0.597,-1.0,51.5013
41.554,0.755,1.0,51.3696
42.2739,0.7199,1.0,51.3521
42.8358,0.5619,1.0,51.6857
42.8973,0.0615,1.0,51.712
43.8718,0.9745,1.0,52.2651
44.144,0.2722,1.0,51.993
44.9693,0.8253,1.0,51.3433
44.6795,-0.2897,-1.0,51.0975
45.4083,0.7287,1.0,51.2379
44.7761,-0.6321,-1.0,51.2028
45.4083,0.6321,1.0,51.7208
44.9078,-0.5004,-1.0,52.0018
44.9166,0.0088,1.0,52.0896
45.8736,0.957,1.0,51.8964
46.2335,0.36,1.0,51.2906
45.7155,-0.518,-1.0,51.0975
44.6181,-1.0975,-1.0,50.6497
46.3301,1.712,1.0,50.7989
46.1809,-0.1493,-1.0,51.1238
45.9438,-0.237,-1.0,51.0887
44.504,-1.4399,-1.0,50.7375
44.7322,0.2283,1.0,52.1159
45.7858,1.0536,1.0,50.3687
45.3292,-0.4565,-1.0,49.5171
45.4697,0.1405,1.0,50.3161
46.4004,0.9306,1.0,49.482
44.5917,-1.8086,-1.0,48.6216
44.9429,0.3512,1.0,48.5514
45.7946,0.8516,1.0,48.6567
45.338,-0.4565,-1.0,48.806
46.0404,0.7024,1.0,48.086
44.7147,-1.3257,-1.0,47.9982
43.9245,-0.7902,-1.0,48.0597
43.8016,-0.1229,-1.0,48.4811
43.2397,-0.5619,-1.0,48.3407
42.8183,-0.4214,-1.0,48.6392
42.0193,-0.7989,-1.0,49.2713
42.0808,0.0615,1.0,48.8762
42.9236,0.8428,1.0,48.6216
42.8095,-0.1141,-1.0,49.0694
44.8551,2.0457,1.0,49.4118
45.2151,0.36,1.0,49.8156
45.0395,-0.1756,-1.0,49.5259
45.7331,0.6936,1.0,49.7542
45.777,0.0439,1.0,50.2546
45.8033,0.0263,1.0,50.518
45.3117,-0.4917,-1.0,50.3161
46.0755,0.7638,1.0,50.3336
45.4522,-0.6234,-1.0,50.9482
45.1624,-0.2897,-1.0,50.3951
44.8727,-0.2897,-1.0,50.5531
44.9254,0.0527,1.0,50.3951
45.417,0.4917,1.0,50.878
45.1712,-0.2458,-1.0,51.1501
47.0852,1.914,1.0,51.0272
47.1027,0.0176,1.0,51.2467
47.2608,0.158,1.0,50.5531
47.6997,0.439,1.0,50.4653
47.7963,0.0966,1.0,50.1317
47.2344,-0.5619,-1.0,49.9473
47.7173,0.4829,1.0,49.4557
47.4188,-0.2985,-1.0,49.9824
47.8139,0.3951,1.0,51.2643
47.7612,-0.0527,-1.0,51.4662
48.1124,0.3512,1.0,51.9227
48.1826,0.0702,1.0,51.7208
47.9982,-0.1844,-1.0,52.0193
47.9895,-0.0088,-1.0,51.8876
47.9456,-0.0439,-1.0,52.0808
48.2529,0.3073,1.0,52.1686
48.2441,-0.0088,-1.0,52.1598
48.8674,0.6234,1.0,51.9227
49.6049,0.7375,1.0,51.6506
49.9561,0.3512,1.0,51.9491
49.8595,-0.0966,-1.0,52.432
49.763,-0.0966,-1.0,52.6427
49.8068,0.0439,1.0,52.2915
49.9737,0.1668,1.0,52.4232
49.0079,-0.9658,-1.0,52.5812
48.5865,-0.4214,-1.0,52.3617
48.2002,-0.3863,-1.0,52.9148
48.0948,-0.1054,-1.0,52.2125
48.2441,0.1493,1.0,52.0544
48.1299,-0.1141,-1.0,53.2485
48.7357,0.6058,1.0,52.2827
48.4021,-0.3336,-1.0,53.7577
48.1738,-0.2283,-1.0,53.3538
47.928,-0.2458,-1.0,53.1168
47.9104,-0.0176,-1.0,53.4943
47.4188,-0.4917,-1.0,52.9763
47.6119,0.1932,1.0,52.9939
47.6295,0.0176,1.0,53.0729
47.2256,-0.4039,-1.0,53.3275
47.2695,0.0439,1.0,53.7489
47.6295,0.36,1.0,53.9596
47.2871,-0.3424,-1.0,53.7401
47.2432,-0.0439,-1.0,52.9148
47.2344,-0.0088,-1.0,53.5645
47.252,0.0176,1.0,53.3538
47.5066,0.2546,1.0,53.626
47.8841,0.3775,1.0,54.0738
47.691,-0.1932,-1.0,53.8718
48.1738,0.4829,1.0,54.1264
47.7963,-0.3775,-1.0,54.2932
47.8402,0.0439,1.0,55.0132
47.3047,-0.5356,-1.0,54.6971
47.6471,0.3424,1.0,55.6102
47.9368,0.2897,1.0,55.619
48.2441,0.3073,1.0,56.0755
48.1826,-0.0615,-1.0,56.1633
48.3494,0.1668,1.0,56.3477
48.4548,0.1054,1.0,57.0852
48.6216,0.1668,1.0,56.6111
48.3758,-0.2458,-1.0,56.3828
48.5689,0.1932,1.0,56.4618
48.3582,-0.2107,-1.0,56.5672
48.3582,0.0,0.0,55.9526
48.3319,-0.0263,-1.0,56.2599
48.2792,-0.0527,-1.0,56.1282
48.9289,0.6497,1.0,56.8832
48.9377,0.0088,1.0,56.7691
48.6918,-0.2458,-1.0,57.0939
48.3143,-0.3775,-1.0,56.7867
48.4548,0.1405,1.0,57.3134
49.1133,0.6585,1.0,56.8481
49.122,0.0088,1.0,56.8218
48.7182,-0.4039,-1.0,55.9877
48.8148,0.0966,1.0,56.4179
47.9104,-0.9043,-1.0,56.5935
47.3398,-0.5707,-1.0,57.6471
47.9543,0.6146,1.0,58.0421
48.2704,0.3161,1.0,57.8666
47.8402,-0.4302,-1.0,56.5935
48.0246,0.1844,1.0,57.4276
48.7709,0.7463,1.0,57.3749
47.9631,-0.8077,-1.0,56.7428
47.9543,-0.0088,-1.0,57.2695
48.3055,0.3512,1.0,57.5066
47.8841,-0.4214,-1.0,58.2616
48.0509,0.1668,1.0,58.5338
48.5601,0.5092,1.0,58.6216
48.7972,0.2371,1.0,58.4636
49.0079,0.2107,1.0,58.9464
48.8323,-0.1756,-1.0,59.122
48.4723,-0.36,-1.0,58.6655
48.0246,-0.4478,-1.0,59.1659
47.8227,-0.2019,-1.0,60.7814
47.0237,-0.7989,-1.0,60.2985
47.0237,0.0,0.0,60.2722
47.1378,0.1141,1.0,60.1932
46.7779,-0.36,-1.0,61.4574
47.0061,0.2283,1.0,61.4838
47.1466,0.1405,1.0,61.5277
46.8832,-0.2634,-1.0,62.1686
46.6286,-0.2546,-1.0,62.9851
46.8218,0.1932,1.0,62.3178
46.1106,-0.7112,-1.0,63.2046
45.6453,-0.4653,-1.0,62.3793
46.2687,0.6234,1.0,62.3617
46.4969,0.2283,1.0,61.6857
46.3916,-0.1054,-1.0,61.396
46.6637,0.2722,1.0,61.3257
46.2511,-0.4126,-1.0,61.8876
46.4355,0.1844,1.0,61.2555
46.1018,-0.3336,-1.0,61.2906
45.7858,-0.3161,-1.0,60.3336
44.7059,-1.0799,-1.0,61.0623
45.259,0.5531,1.0,60.5531
45.4873,0.2283,1.0,59.5786
46.6111,1.1238,1.0,59.6488
46.6637,0.0527,1.0,60.5004
47.1291,0.4653,1.0,60.3863
46.6989,-0.4302,-1.0,59.7981
47.1466,0.4478,1.0,59.1133
46.8481,-0.2985,-1.0,59.9473
47.7788,0.9306,1.0,59.7103
48.3231,0.5443,1.0,60.3161
48.3758,0.0527,1.0,61.1062
48.7006,0.3248,1.0,60.6146
48.5601,-0.1405,-1.0,59.8771
47.8841,-0.676,-1.0,60.2985
48.0246,0.1405,1.0,60.0351
47.3398,-0.6848,-1.0,60.439
47.3486,0.0088,1.0,60.8867
47.8314,0.4829,1.0,60.9043
47.568,-0.2634,-1.0,60.4565
48.8674,1.2994,1.0,60.9745
48.9552,0.0878,1.0,61.5277
49.1659,0.2107,1.0,61.6681
49.5786,0.4126,1.0,62.1159
48.6655,-0.9131,-1.0,62.309
48.7445,0.079,1.0,62.3705
48.6567,-0.0878,-1.0,62.9939
48.6831,0.0263,1.0,63.0817
48.6216,-0.0615,-1.0,64.4513
49.0255,0.4039,1.0,63.5294
48.885,-0.1405,-1.0,63.4767
49.2011,0.3161,1.0,63.4943
49.9122,0.7112,1.0,63.9333
49.6049,-0.3073,-1.0,63.986
49.2537,-0.3512,-1.0,64.2318
48.7445,-0.5092,-1.0,63.6436
48.5075,-0.2371,-1.0,63.4065
48.6479,0.1405,1.0,63.3626
49.6225,0.9745,1.0,63.6348
50.5707,0.9482,1.0,63.3011
50.3424,-0.2283,-1.0,63.3363
49.6488,-0.6936,-1.0,63.2924
49.0342,-0.6146,-1.0,63.0817
48.9464,-0.0878,-1.0,62.8446
49.9824,1.036,1.0,62.8622
49.8595,-0.1229,-1.0,63.4241
50.2371,0.3775,1.0,63.2046
50.4565,0.2195,1.0,63.5119
50.1756,-0.2809,-1.0,63.6172
50.5795,0.4039,1.0,63.9157
50.1932,-0.3863,-1.0,64.0825
50.7287,0.5356,1.0,63.8104
50.7814,0.0527,1.0,62.8709
51.2994,0.518,1.0,63.1168
51.3696,0.0702,1.0,63.1256
51.2379,-0.1317,-1.0,63.5119
51.0711,-0.1668,-1.0,63.0641
50.9921,-0.079,-1.0,63.5997
50.8955,-0.0966,-1.0,63.4592
51.2906,0.3951,1.0,63.2397
51.3696,0.079,1.0,62.2827
51.2643,-0.1054,-1.0,62.2827
51.2555,-0.0088,-1.0,62.5988
50.8604,-0.3951,-1.0,62.4759
50.9921,0.1317,1.0,62.6954
51.0097,0.0176,1.0,63.2572
51.0887,0.079,1.0,63.5119
52.1159,1.0272,1.0,64.2054
52.0193,-0.0966,-1.0,64.7849
51.8349,-0.1844,-1.0,64.741
51.6594,-0.1756,-1.0,64.9781
50.3863,-1.273,-1.0,65.1273
50.7287,0.3424,1.0,65.0483
51.3169,0.5882,1.0,65.0571
51.2818,-0.0351,-1.0,65.1098
51.3345,0.0527,1.0,65.619
51.3169,-0.0176,-1.0,65.5663
51.4838,0.1668,1.0,65.3468
51.4838,0.0,0.0,64.2054
51.6769,0.1932,1.0,64.0474
51.2643,-0.4126,-1.0,63.6699
50.9921,-0.2722,-1.0,64.0211
51.2994,0.3073,1.0,63.705
51.5013,0.2019,1.0,63.547
51.3696,-0.1317,-1.0,63.3538
51.3521,-0.0176,-1.0,63.2309
51.6857,0.3336,1.0,62.4232
51.712,0.0263,1.0,62.7919
52.2651,0.5531,1.0,62.3529
51.993,-0.2722,-1.0,61.6681
51.3433,-0.6497,-1.0,61.7033
51.0975,-0.2458,-1.0,63.0465
51.2379,0.1405,1.0,63.6611
51.2028,-0.0351,-1.0,63.9684
51.7208,0.518,1.0,63.4943
52.0018,0.2809,1.0,64.7234
52.0896,0.0878,1.0,65.0395
51.8964,-0.1932,-1.0,65.1361
51.2906,-0.6058,-1.0,65.5839
51.0975,-0.1932,-1.0,66.2423
50.6497,-0.4478,-1.0,65.9438
50.7989,0.1493,1.0,66.2072
51.1238,0.3248,1.0,66.295
51.0887,-0.0351,-1.0,66.4355
50.7375,-0.3512,-1.0,67.0325
52.1159,1.3784,1.0,65.2327
50.3687,-1.7471,-1.0,65.8736
49.5171,-0.8516,-1.0,66.1194
50.3161,0.7989,1.0,66.295
49.482,-0.8341,-1.0,66.295
48.6216,-0.8604,-1.0,66.5759
48.5514,-0.0702,-1.0,66.137
48.6567,0.1054,1.0,66.734
48.806,0.1493,1.0,66.5145
48.086,-0.7199,-1.0,66.4794
47.9982,-0.0878,-1.0,67.1203
48.0597,0.0615,1.0,67.5768
48.4811,0.4214,1.0,67.8929
48.3407,-0.1405,-1.0,67.9192
48.6392,0.2985,1.0,69.9824
49.2713,0.6321,1.0,69.403
48.8762,-0.3951,-1.0,70.0439
48.6216,-0.2546,-1.0,70.2458
49.0694,0.4478,1.0,70.3424
49.4118,0.3424,1.0,70.5092
49.8156,0.4039,1.0,70.5268
49.5259,-0.2897,-1.0,70.2546
49.7542,0.2283,1.0,69.8595
50.2546,0.5004,1.0,70.5356
50.518,0.2634,1.0,69.6488
50.3161,-0.2019,-1.0,68.9464
50.3336,0.0176,1.0,69.9385
50.9482,0.6146,1.0,69.3679
50.3951,-0.5531,-1.0,68.9289
50.5531,0.158,1.0,67.9807
50.3951,-0.158,-1.0,67.7349
50.878,0.4829,1.0,67.6207
51.1501,0.2722,1.0,68.0597
51.0272,-0.1229,-1.0,67.8227
51.2467,0.2195,1.0,69.4381
50.5531,-0.6936,-1.0,69.7366
50.4653,-0.0878,-1.0,70.2107
50.1317,-0.3336,-1.0,70.1844
49.9473,-0.1844,-1.0,70.4302
49.4557,-0.4917,-1.0,70.8955
49.9824,0.5268,1.0,70.8692
51.2643,1.2818,1.0,71.1853
51.4662,0.2019,1.0,70.9394
51.9227,0.4565,1.0,70.1141
51.7208,-0.2019,-1.0,70.878
52.0193,0.2985,1.0,70.0702
51.8876,-0.1317,-1.0,70.9219
52.0808,0.1932,1.0,70.5443
52.1686,0.0878,1.0,70.7902
52.1598,-0.0088,-1.0,70.5443
51.9227,-0.237,-1.0,69.403
51.6506,-0.2722,-1.0,70.1932
51.9491,0.2985,1.0,70.3161
52.432,0.4829,1.0,70.0702
52.6427,0.2107,1.0,70.2107
52.2915,-0.3512,-1.0,70.518
52.4232,0.1317,1.0,70.5707
52.5812,0.158,1.0,69.6313
52.3617,-0.2195,-1.0,67.5768
52.9148,0.5531,1.0,67.1642
52.2125,-0.7024,-1.0,67.6295
52.0544,-0.158,-1.0,67.1905
53.2485,1.194,1.0,67.8666
52.2827,-0.9658,-1.0,67.252
53.7577,1.475,1.0,65.0395
53.3538,-0.4039,-1.0,65.8033
53.1168,-0.2371,-1.0,64.5566
53.4943,0.3775,1.0,65.1449
52.9763,-0.518,-1.0,65.7507
52.9939,0.0176,1.0,65.3644
53.0729,0.079,1.0,65.5487
53.3275,0.2546,1.0,66.3565
53.7489,0.4214,1.0,66.9096
53.9596,0.2107,1.0,66.9623
53.7401,-0.2195,-1.0,67.1554
52.9148,-0.8253,-1.0,66.8569
53.5645,0.6497,1.0,67.173
53.3538,-0.2107,-1.0,66.9008
53.626,0.2722,1.0,67.4276
54.0738,0.4478,1.0,67.6119
53.8718,-0.2019,-1.0,67.9719
54.1264,0.2546,1.0,68.2353
54.2932,0.1668,1.0,68.288
55.0132,0.7199,1.0,67.3134
54.6971,-0.3161,-1.0,68.8762
55.6102,0.9131,1.0,68.2353
55.619,0.0088,1.0,68.5075
56.0755,0.4565,1.0,68.9728
56.1633,0.0878,1.0,68.6655
56.3477,0.1844,1.0,68.3933
57.0852,0.7375,1.0,68.209
56.6111,-0.4741,-1.0,67.5944
56.3828,-0.2283,-1.0,68.086
56.4618,0.079,1.0,68.9113
56.5672,0.1054,1.0,69.3503
55.9526,-0.6146,-1.0,68.7357
56.2599,0.3073,1.0,68.7796
56.1282,-0.1317,-1.0,68.2616
56.8832,0.7551,1.0,67.1203
56.7691,-0.1141,-1.0,67.3222
57.0939,0.3248,1.0,66.9008
56.7867,-0.3073,-1.0,67.3134
57.3134,0.5268,1.0,67.5593
56.8481,-0.4653,-1.0,67.8314
56.8218,-0.0263,-1.0,68.0421
55.9877,-0.8341,-1.0,68.1914
56.4179,0.4302,1.0,67.928
56.5935,0.1756,1.0,66.5672
57.6471,1.0536,1.0,66.0843
58.0421,0.3951,1.0,66.3389
57.8666,-0.1756,-1.0,66.6198
56.5935,-1.273,-1.0,66.0404
57.4276,0.8341,1.0,64.7322
57.3749,-0.0527,-1.0,65.18
56.7428,-0.6321,-1.0,65.9175
57.2695,0.5268,1.0,66.2248
57.5066,0.237,1.0,66.9974
58.2616,0.7551,1.0,66.7779
58.5338,0.2722,1.0,67.0149
58.6216,0.0878,1.0,66.9798
58.4636,-0.158,-1.0,67.2695
58.9464,0.4829,1.0,66.4267
59.122,0.1756,1.0,66.4443
58.6655,-0.4565,-1.0,67.5944
59.1659,0.5004,1.0,68.446
60.7814,1.6155,1.0,68.1475
60.2985,-0.4829,-1.0,68.0773
60.2722,-0.0263,-1.0,68.367
60.1932,-0.079,-1.0,67.6558
61.4574,1.2643,1.0,68.007
61.4838,0.0263,1.0,68.3494
61.5277,0.0439,1.0,68.5426
62.1686,0.6409,1.0,69.2625
62.9851,0.8165,1.0,69.2889
62.3178,-0.6673,-1.0,68.5601
63.2046,0.8867,1.0,67.3837
62.3793,-0.8253,-1.0,68.3143
62.3617,-0.0176,-1.0,68.525
61.6857,-0.676,-1.0,68.0948
61.396,-0.2897,-1.0,68.2353
61.3257,-0.0702,-1.0,68.5514
61.8876,0.5619,1.0,69.2274
61.2555,-0.6321,-1.0,69.6225
61.2906,0.0351,1.0,69.245
60.3336,-0.957,-1.0,69.8507
61.0623,0.7287,1.0,69.9561
60.5531,-0.5092,-1.0,69.6927
59.5786,-0.9745,-1.0,69.1045
59.6488,0.0702,1.0,69.2098
60.5004,0.8516,1.0,69.0957
60.3863,-0.1141,-1.0,69.8946
59.7981,-0.5882,-1.0,70.2371
59.1133,-0.6848,-1.0,69.7103
59.9473,0.8341,1.0,68.9552
59.7103,-0.237,-1.0,68.7006
60.3161,0.6058,1.0,69.1923
61.1062,0.7902,1.0,69.0518
60.6146,-0.4917,-1.0,68.6743
59.8771,-0.7375,-1.0,69.0167
60.2985,0.4214,1.0,68.885
60.0351,-0.2634,-1.0,69.7542
60.439,0.4039,1.0,69.5522
60.8867,0.4478,1.0,69.4118
60.9043,0.0176,1.0,69.5786
60.4565,-0.4478,-1.0,69.4557
60.9745,0.518,1.0,69.7805
61.5277,0.5531,1.0,69.6049
61.6681,0.1405,1.0,70.5619
62.1159,0.4478,1.0,70.4302
62.309,0.1932,1.0,70.7551
62.3705,0.0615,1.0,70.6234
62.9939,0.6234,1.0,70.6497
63.0817,0.0878,1.0,70.6497
64.4513,1.3696,1.0,70.3687
63.5294,-0.9219,-1.0,70.3512
63.4767,-0.0527,-1.0,70.5356
63.4943,0.0176,1.0,70.5356
63.9333,0.439,1.0,70.676
63.986,0.0527,1.0,70.2019
64.2318,0.2458,1.0,71.1414
63.6436,-0.5882,-1.0,71.0975
63.4065,-0.237,-1.0,71.712
63.3626,-0.0439,-1.0,71.8437
63.6348,0.2722,1.0,72.3705
63.3011,-0.3336,-1.0,72.5285
63.3363,0.0351,1.0,72.4232
63.2924,-0.0439,-1.0,71.8788
63.0817,-0.2107,-1.0,72.1247
62.8446,-0.237,-1.0,71.3872
62.8622,0.0176,1.0,71.5891
63.4241,0.5619,1.0,71.2994
63.2046,-0.2195,-1.0,70.6585
63.5119,0.3073,1.0,70.5531
63.6172,0.1054,1.0,70.2985
63.9157,0.2985,1.0,71.2204
64.0825,0.1668,1.0,71.4135
63.8104,-0.2722,-1.0,71.3521
62.8709,-0.9394,-1.0,71.993
63.1168,0.2458,1.0,72.3354
63.1256,0.0088,1.0,72.23
63.5119,0.3863,1.0,73.0904
63.0641,-0.4478,-1.0,73.2485
63.5997,0.5356,1.0,73.3714
63.4592,-0.1405,-1.0,73.6523
63.2397,-0.2195,-1.0,73.3011
62.2827,-0.957,-1.0,73.4153
62.2827,0.0,0.0,73.5909
62.5988,0.3161,1.0,73.4592
62.4759,-0.1229,-1.0,73.3099
62.6954,0.2195,1.0,73.2924
63.2572,0.5619,1.0,73.4767
63.5119,0.2546,1.0,73.5558
64.2054,0.6936,1.0,73.5821
64.7849,0.5795,1.0,74.0474
64.741,-0.0439,-1.0,73.8279
64.9781,0.2371,1.0,73.4065
65.1273,0.1493,1.0,73.4065
65.0483,-0.079,-1.0,73.0465
65.0571,0.0088,1.0,72.8885
65.1098,0.0527,1.0,73.2748
65.619,0.5092,1.0,73.2309
65.5663,-0.0527,-1.0,73.1782
65.3468,-0.2195,-1.0,73.9157
64.2054,-1.1413,-1.0,73.6436
64.0474,-0.158,-1.0,72.95
63.6699,-0.3775,-1.0,72.5285
64.0211,0.3512,1.0,73.6875
63.705,-0.3161,-1.0,72.309
63.547,-0.158,-1.0,72.511
63.3538,-0.1931,-1.0,72.7041
63.2309,-0.1229,-1.0,72.9412
62.4232,-0.8077,-1.0,71.42
62.7919,0.3687,1.0,72.5
62.3529,-0.439,-1.0,74.85
61.6681,-0.6848,-1.0,74.52
61.7033,0.0351,1.0,73.52
63.0465,1.3433,1.0,74.78
63.6611,0.6146,1.0,73.19
63.9684,0.3073,1.0,72.66
63.4943,-0.4741,-1.0,71.95
64.7234,1.2291,1.0,72.64
65.0395,0.3161,1.0,71.78
65.1361,0.0966,1.0,71.63
65.5839,0.4478,1.0,72.68
66.2423,0.6585,1.0,73.35
65.9438,-0.2985,-1.0,74.81
66.2072,0.2634,1.0,74.61
66.295,0.0878,1.0,75.44
66.4355,0.1405,1.0,76.2
67.0325,0.597,1.0,76.47
65.2327,-1.7998,-1.0,77.26
65.8736,0.6409,1.0,77.92
66.1194,0.2458,1.0,78.95
66.295,0.1756,1.0,81.78
66.295,0.0,0.0,81.74
66.5759,0.2809,1.0,83.15
66.137,-0.439,-1.0,84.3
66.734,0.597,1.0,84.75
66.5145,-0.2195,-1.0,84.38
66.4794,-0.0351,-1.0,85.12
67.1203,0.6409,1.0,84.95
67.5768,0.4565,1.0,85.21
67.8929,0.3161,1.0,85.41
67.9192,0.0263,1.0,84.75
69.9824,2.0632,1.0,84.84
69.403,-0.5795,-1.0,84.75
70.0439,0.6409,1.0,84.27
70.2458,0.2019,1.0,84.12
70.3424,0.0966,1.0,84.14
70.5092,0.1668,1.0,84.79
70.5268,0.0176,1.0,84.52
70.2546,-0.2722,-1.0,84.86
69.8595,-0.3951,-1.0,85.64
70.5356,0.676,1.0,86.07
69.6488,-0.8867,-1.0,85.8
68.9464,-0.7024,-1.0,85.94
69.9385,0.9921,1.0,86.06
69.3679,-0.5707,-1.0,85.82
68.9289,-0.439,-1.0,85.59
67.9807,-0.9482,-1.0,85.26
67.7349,-0.2458,-1.0,84.13
67.6207,-0.1141,-1.0,84.6
68.0597,0.439,1.0,82.5
67.8227,-0.237,-1.0,82.78
69.4381,1.6154,1.0,82.91
69.7366,0.2985,1.0,84.69
70.2107,0.4741,1.0,85.68
70.1844,-0.0263,-1.0,84.71
70.4302,0.2458,1.0,85.7
70.8955,0.4653,1.0,85.17
70.8692,-0.0263,-1.0,85.24
71.1853,0.3161,1.0,85.2
70.9394,-0.2458,-1.0,84.87
70.1141,-0.8253,-1.0,84.11
70.878,0.7638,1.0,83.37
70.0702,-0.8077,-1.0,83.29
70.9219,0.8516,1.0,83.23
70.5443,-0.3775,-1.0,82.54
70.7902,0.2458,1.0,83.26
70.5443,-0.2458,-1.0,85.17
69.403,-1.1413,-1.0,84.56
70.1932,0.7902,1.0,84.15
70.3161,0.1229,1.0,83.98
70.0702,-0.2458,-1.0,83.74
70.2107,0.1405,1.0,83.7
70.518,0.3073,1.0,84.57
70.5707,0.0527,1.0,84.97
69.6313,-0.9394,-1.0,84.56
67.5768,-2.0544,-1.0,86.61
67.1642,-0.4126,-1.0,86.85
67.6295,0.4653,1.0,86.57
67.1905,-0.439,-1.0,85.63
67.8666,0.676,1.0,84.53
67.252,-0.6146,-1.0,84.35
65.0395,-2.2125,-1.0,82.53
65.8033,0.7638,1.0,83.44
64.5566,-1.2467,-1.0,85.14
65.1449,0.5882,1.0,86.58
65.7507,0.6058,1.0,87.17
65.3644,-0.3863,-1.0,86.44
65.5487,0.1844,1.0,86.01
66.3565,0.8077,1.0,86.52
66.9096,0.5531,1.0,86.82
66.9623,0.0527,1.0,87.75
67.1554,0.1932,1.0,88.75
66.8569,-0.2985,-1.0,87.11
67.173,0.3161,1.0,87.59
66.9008,-0.2722,-1.0,87.73
67.4276,0.5268,1.0,88.69
67.6119,0.1844,1.0,89.17
67.9719,0.36,1.0,89.26
68.2353,0.2634,1.0,89.07
68.288,0.0527,1.0,88.84
67.3134,-0.9745,-1.0,88.84
68.8762,1.5628,1.0,90.18
68.2353,-0.6409,-1.0,88.7
68.5075,0.2722,1.0,86.58
68.9728,0.4653,1.0,86.75
68.6655,-0.3073,-1.0,86.0
68.3933,-0.2722,-1.0,86.84
68.209,-0.1844,-1.0,85.15
67.5944,-0.6146,-1.0,84.99
68.086,0.4917,1.0,86.39
68.9113,0.8253,1.0,85.88
69.3503,0.439,1.0,87.35
68.7357,-0.6146,-1.0,86.64
68.7796,0.0439,1.0,87.35
68.2616,-0.518,-1.0,87.37
67.1203,-1.1414,-1.0,87.77
67.3222,0.2019,1.0,87.31
66.9008,-0.4214,-1.0,86.97
67.3134,0.4126,1.0,84.74
67.5593,0.2458,1.0,84.41
67.8314,0.2722,1.0,84.63
68.0421,0.2107,1.0,85.89
68.1914,0.1493,1.0,85.64
67.928,-0.2634,-1.0,85.26
66.5672,-1.3608,-1.0,85.92
66.0843,-0.4829,-1.0,86.25
66.3389,0.2546,1.0,85.86
66.6198,0.281,1.0,86.57
66.0404,-0.5795,-1.0,86.6
64.7322,-1.3082,-1.0,86.34
65.18,0.4478,1.0,85.92
65.9175,0.7375,1.0,85.62
66.2248,0.3073,1.0,85.76
66.9974,0.7726,1.0,85.38
66.7779,-0.2195,-1.0,83.53
67.0149,0.237,1.0,84.8
66.9798,-0.0351,-1.0,85.1
67.2695,0.2897,1.0,85.31
66.4267,-0.8428,-1.0,85.77
66.4443,0.0176,1.0,85.0
67.5944,1.1501,1.0,84.7
68.446,0.8516,1.0,85.61
68.1475,-0.2985,-1.0,85.39
68.0773,-0.0702,-1.0,84.54
68.367,0.2897,1.0,86.03
67.6558,-0.7112,-1.0,86.5
68.007,0.3512,1.0,85.61
68.3494,0.3424,1.0,85.41
68.5426,0.1932,1.0,86.3
69.2625,0.7199,1.0,87.35
69.2889,0.0263,1.0,87.21
68.5601,-0.7287,-1.0,86.76
67.3837,-1.1765,-1.0,86.31
68.3143,0.9306,1.0,87.99
68.525,0.2107,1.0,87.77
68.0948,-0.4302,-1.0,87.48
68.2353,0.1405,1.0,87.9
68.5514,0.3161,1.0,87.43
69.2274,0.676,1.0,87.27
69.6225,0.3951,1.0,86.82
69.245,-0.3775,-1.0,85.42
69.8507,0.6058,1.0,85.91
69.9561,0.1054,1.0,85.97
69.6927,-0.2634,-1.0,85.51
69.1045,-0.5882,-1.0,85.3
69.2098,0.1054,1.0,85.45
69.0957,-0.1141,-1.0,85.47
69.8946,0.799,1.0,84.08
70.2371,0.3424,1.0,84.26
69.7103,-0.5268,-1.0,83.5
68.9552,-0.7551,-1.0,83.16
68.7006,-0.2546,-1.0,84.18
69.1923,0.4917,1.0,84.62
69.0518,-0.1405,-1.0,83.85
68.6743,-0.3775,-1.0,82.92
69.0167,0.3424,1.0,83.28
68.885,-0.1317,-1.0,83.28
69.7542,0.8692,1.0,84.58
69.5522,-0.2019,-1.0,84.41
69.4118,-0.1405,-1.0,85.0
69.5786,0.1668,1.0,84.77
69.4557,-0.1229,-1.0,83.63
69.7805,0.3248,1.0,83.35
69.6049,-0.1756,-1.0,83.31
70.5619,0.957,1.0,80.91
70.4302,-0.1317,-1.0,80.23
70.7551,0.3249,1.0,80.89
70.6234,-0.1317,-1.0,80.83
70.6497,0.0263,1.0,80.83
70.6497,0.0,0.0,81.07
70.3687,-0.281,-1.0,80.03
70.3512,-0.0176,-1.0,80.69
70.5356,0.1844,1.0,81.52
70.5356,0.0,0.0,81.73
70.676,0.1405,1.0,81.89
70.2019,-0.4741,-1.0,82.5
71.1414,0.9394,1.0,82.9
71.0975,-0.0439,-1.0,82.39
71.712,0.6146,1.0,82.17
71.8437,0.1317,1.0,81.41
72.3705,0.5268,1.0,81.69
72.5285,0.158,1.0,80.94
72.4232,-0.1054,-1.0,79.78
71.8788,-0.5443,-1.0,79.72
72.1247,0.2458,1.0,80.58
71.3872,-0.7375,-1.0,82.34
71.5891,0.2019,1.0,80.13
71.2994,-0.2897,-1.0,79.77
70.6585,-0.6409,-1.0,80.11
70.5531,-0.1054,-1.0,80.68
70.2985,-0.2546,-1.0,81.84
71.2204,0.9219,1.0,80.3
71.4135,0.1932,1.0,80.29
71.3521,-0.0615,-1.0,81.6
71.993,0.6409,1.0,81.33
72.3354,0.3424,1.0,81.55
72.23,-0.1054,-1.0,82.45
73.0904,0.8604,1.0,82.99
73.2485,0.158,1.0,84.7
73.3714,0.1229,1.0,84.69
73.6523,0.281,1.0,84.47
73.3011,-0.3512,-1.0,82.71
73.4153,0.1141,1.0,79.23
73.5909,0.1756,1.0,76.28
73.4592,-0.1317,-1.0,73.52
73.3099,-0.1493,-1.0,77.8
73.2924,-0.0176,-1.0,78.03
73.4767,0.1844,1.0,78.41
73.5558,0.079,1.0,77.32
73.5821,0.0263,1.0,75.1
74.0474,0.4653,1.0,77.09
73.8279,-0.2195,-1.0,77.55
73.4065,-0.4214,-1.0,76.15
73.4065,0.0,0.0,78.2
73.0465,-0.36,-1.0,77.51
72.8885,-0.158,-1.0,77.92
73.2748,0.3863,1.0,78.31
73.2309,-0.0439,-1.0,77.76
73.1782,-0.0527,-1.0,78.89
73.9157,0.7375,1.0,79.59
73.6436,-0.2722,-1.0,79.43
72.95,-0.6936,-1.0,79.01
72.5285,-0.4214,-1.0,79.9
73.6875,1.1589,1.0,79.19
72.309,-1.3784,-1.0,79.37
72.511,0.2019,1.0,79.58
72.7041,0.1932,1.0,80.3
72.9412,0.2371,1.0,78.62
71.42,-1.5212,-1.0,79.09
72.5,1.08,1.0,80.36
74.85,2.35,1.0,80.89
74.52,-0.33,-1.0,81.36
73.52,-1.0,-1.0,82.7
74.78,1.26,1.0,82.44
73.19,-1.59,-1.0,83.65
72.66,-0.53,-1.0,85.12
71.95,-0.71,-1.0,85.24
72.64,0.69,1.0,85.68
71.78,-0.86,-1.0,85.16
71.63,-0.15,-1.0,85.14
72.68,1.05,1.0,85.97
73.35,0.67,1.0,86.69
74.81,1.46,1.0,87.3
74.61,-0.2,-1.0,87.42
75.44,0.83,1.0,87.45
76.2,0.76,1.0,89.69
76.47,0.27,1.0,90.53
77.26,0.79,1.0,90.11
77.92,0.66,1.0,90.33
78.95,1.03,1.0,87.91
81.78,2.83,1.0,88.36
81.74,-0.04,-1.0,86.99
83.15,1.41,1.0,86.99
84.3,1.15,1.0,86.73
84.75,0.45,1.0,86.96
84.38,-0.37,-1.0,86.98
85.12,0.74,1.0,87.63
84.95,-0.17,-1.0,86.76
85.21,0.26,1.0,86.95
85.41,0.2,1.0,87.18
84.75,-0.66,-1.0,86.22
84.84,0.09,1.0,85.05
84.75,-0.09,-1.0,86.52
84.27,-0.48,-1.0,85.89
84.12,-0.15,-1.0,86.5
84.14,0.02,1.0,86.39
84.79,0.65,1.0,87.29
84.52,-0.27,-1.0,87.35
84.86,0.34,1.0,86.71
85.64,0.78,1.0,86.41
86.07,0.43,1.0,86.69
85.8,-0.27,-1.0,86.26
85.94,0.14,1.0,87.56
86.06,0.12,1.0,86.91
85.82,-0.24,-1.0,85.26
85.59,-0.23,-1.0,87.43
85.26,-0.33,-1.0,86.6
84.13,-1.13,-1.0,86.32
84.6,0.47,1.0,84.95
82.5,-2.1,-1.0,85.46
82.78,0.28,1.0,83.33
82.91,0.13,1.0,84.6
84.69,1.78,1.0,85.47
85.68,0.99,1.0,86.2
84.71,-0.97,-1.0,84.81
85.7,0.99,1.0,83.28
85.17,-0.53,-1.0,84.14
85.24,0.07,1.0,84.86
85.2,-0.04,-1.0,85.73
84.87,-0.33,-1.0,85.94
84.11,-0.76,-1.0,85.75
83.37,-0.74,-1.0,86.84
83.29,-0.08,-1.0,86.38
83.23,-0.06,-1.0,84.72
82.54,-0.69,-1.0,82.07
83.26,0.72,1.0,82.27
85.17,1.91,1.0,81.26
84.56,-0.61,-1.0,78.78
84.15,-0.41,-1.0,78.13
83.98,-0.17,-1.0,78.51
83.74,-0.24,-1.0,79.47
83.7,-0.04,-1.0,77.34
84.57,0.87,1.0,78.99
84.97,0.4,1.0,77.92
84.56,-0.41,-1.0,79.11
86.61,2.05,1.0,78.22
86.85,0.24,1.0,79.25
86.57,-0.28,-1.0,81.11
85.63,-0.94,-1.0,80.09
84.53,-1.1,-1.0,80.89
84.35,-0.18,-1.0,80.48
82.53,-1.82,-1.0,80.75
83.44,0.91,1.0,83.09
85.14,1.7,1.0,82.97
86.58,1.44,1.0,82.17
87.17,0.59,1.0,82.15
86.44,-0.73,-1.0,82.8
86.01,-0.43,-1.0,81.31
86.52,0.51,1.0,81.25
86.82,0.3,1.0,80.67
87.75,0.93,1.0,80.83
88.75,1.0,1.0,80.21
87.11,-1.64,-1.0,81.74
87.59,0.48,1.0,83.78
87.73,0.14,1.0,85.33
88.69,0.96,1.0,84.91
89.17,0.48,1.0,85.56
89.26,0.09,1.0,86.4
89.07,-0.19,-1.0,84.85
88.84,-0.23,-1.0,85.26
88.84,0.0,0.0,85.92
90.18,1.34,1.0,85.66
88.7,-1.48,-1.0,84.69
86.58,-2.12,-1.0,86.77
86.75,0.17,1.0,85.65
86.0,-0.75,-1.0,85.65
86.84,0.84,1.0,86.19
85.15,-1.69,-1.0,86.09
84.99,-0.16,-1.0,85.49
86.39,1.4,1.0,85.72
85.88,-0.51,-1.0,85.2
87.35,1.47,1.0,87.27
86.64,-0.71,-1.0,87.27
87.35,0.71,1.0,87.32
87.37,0.02,1.0,87.66
87.77,0.4,1.0,88.84
87.31,-0.46,-1.0,88.64
86.97,-0.34,-1.0,89.01
84.74,-2.23,-1.0,88.64
84.41,-0.33,-1.0,88.53
84.63,0.22,1.0,88.75
85.89,1.26,1.0,88.3
85.64,-0.25,-1.0,89.43
85.26,-0.38,-1.0,89.15
85.92,0.66,1.0,89.71
86.25,0.33,1.0,90.26
85.86,-0.39,-1.0,89.71
86.57,0.71,1.0,89.75
86.6,0.03,1.0,90.84
86.34,-0.26,-1.0,89.8
85.92,-0.42,-1.0,90.33
85.62,-0.3,-1.0,89.71
85.76,0.14,1.0,90.11
85.38,-0.38,-1.0,90.24
83.53,-1.85,-1.0,90.26
84.8,1.27,1.0,90.15
85.1,0.3,1.0,90.7
85.31,0.21,1.0,90.74
85.77,0.46,1.0,90.12
85.0,-0.77,-1.0,89.35
84.7,-0.3,-1.0,89.65
85.61,0.91,1.0,89.58
85.39,-0.22,-1.0,89.79
84.54,-0.85,-1.0,90.12
86.03,1.49,1.0,89.1
86.5,0.47,1.0,88.44
85.61,-0.89,-1.0,89.43
85.41,-0.2,-1.0,88.81
86.3,0.89,1.0,88.39
87.35,1.05,1.0,86.45
87.21,-0.14,-1.0,86.85
86.76,-0.45,-1.0,87.16
86.31,-0.45,-1.0,88.5
87.99,1.68,1.0,86.67
87.77,-0.22,-1.0,86.54
87.48,-0.29,-1.0,85.76
87.9,0.42,1.0,86.7
87.43,-0.47,-1.0,85.35
87.27,-0.16,-1.0,85.6
86.82,-0.45,-1.0,85.14
85.42,-1.4,-1.0,85.47
85.91,0.49,1.0,85.25
85.97,0.06,1.0,87.46
85.51,-0.46,-1.0,87.52
85.3,-0.21,-1.0,87.7
85.45,0.15,1.0,88.04
85.47,0.02,1.0,87.84
84.08,-1.39,-1.0,88.12
84.26,0.18,1.0,88.09
83.5,-0.76,-1.0,87.33
83.16,-0.34,-1.0,87.69
84.18,1.02,1.0,86.87
84.62,0.44,1.0,87.22
83.85,-0.77,-1.0,87.63
82.92,-0.93,-1.0,87.09
83.28,0.36,1.0,87.16
83.28,0.0,0.0,87.49
84.58,1.3,1.0,87.61
84.41,-0.17,-1.0,88.03
85.0,0.59,1.0,87.61
84.77,-0.23,-1.0,89.04
83.63,-1.14,-1.0,89.34
83.35,-0.28,-1.0,88.82
83.31,-0.04,-1.0,89.94
80.91,-2.4,-1.0,86.72
80.23,-0.68,-1.0,85.66
80.89,0.66,1.0,87.92
80.83,-0.06,-1.0,89.13
80.83,0.0,0.0,91.87
81.07,0.24,1.0,92.75
80.03,-1.04,-1.0,93.31
80.69,0.66,1.0,93.42
81.52,0.83,1.0,93.5
81.73,0.21,1.0,94.47
81.89,0.16,1.0,95.14
82.5,0.61,1.0,94.81
82.9,0.4,1.0,95.14
82.39,-0.51,-1.0,95.21
82.17,-0.22,-1.0,95.06
81.41,-0.76,-1.0,94.93
81.69,0.28,1.0,95.02
80.94,-0.75,-1.0,95.39
79.78,-1.16,-1.0,94.88
79.72,-0.06,-1.0,95.44
80.58,0.86,1.0,95.29
82.34,1.76,1.0,95.72
80.13,-2.21,-1.0,94.93
79.77,-0.36,-1.0,91.73
80.11,0.34,1.0,88.95
80.68,0.57,1.0,88.67
81.84,1.16,1.0,87.97
80.3,-1.54,-1.0,88.19
80.29,-0.01,-1.0,88.41
81.6,1.31,1.0,89.67
81.33,-0.27,-1.0,89.44
81.55,0.22,1.0,89.97
82.45,0.9,1.0,90.04
82.99,0.54,1.0,90.4
84.7,1.71,1.0,90.13
84.69,-0.01,-1.0,90.35
84.47,-0.22,-1.0,89.56
82.71,-1.76,-1.0,89.33
79.23,-3.48,-1.0,89.83
76.28,-2.95,-1.0,89.85
73.52,-2.76,-1.0,89.91
77.8,4.28,1.0,89.98
78.03,0.23,1.0,89.68
78.41,0.38,1.0,89.77
77.32,-1.09,-1.0,89.79
75.1,-2.22,-1.0,89.59
77.09,1.99,1.0,89.79
77.55,0.46,1.0,89.81
76.15,-1.4,-1.0,90.63
78.2,2.05,1.0,90.39
77.51,-0.69,-1.0,89.86
77.92,0.41,1.0,89.96
78.31,0.39,1.0,89.47
77.76,-0.55,-1.0,86.57
78.89,1.13,1.0,88.14
79.59,0.7,1.0,86.69
79.43,-0.16,-1.0,86.69
79.01,-0.42,-1.0,87.48
79.9,0.89,1.0,86.75
79.19,-0.71,-1.0,86.56
79.37,0.18,1.0,87.79
79.58,0.21,1.0,88.88
80.3,0.72,1.0,89.46
78.62,-1.68,-1.0,88.47
79.09,0.47,1.0,88.19
80.36,1.27,1.0,88.95
80.89,0.53,1.0,87.45
81.36,0.47,1.0,87.21
82.7,1.34,1.0,88.2
82.44,-0.26,-1.0,87.63
83.65,1.21,1.0,87.17
85.12,1.47,1.0,87.58
85.24,0.12,1.0,87.56
85.68,0.44,1.0,87.37
85.16,-0.52,-1.0,87.77
85.14,-0.02,-1.0,86.09
85.97,0.83,1.0,86.87
86.69,0.72,1.0,86.89
87.3,0.61,1.0,87.56
87.42,0.12,1.0,87.24
87.45,0.03,1.0,87.38
89.69,2.24,1.0,87.43
90.53,0.84,1.0,86.84
90.11,-0.42,-1.0,86.72
90.33,0.22,1.0,87.67
87.91,-2.42,-1.0,87.5
88.36,0.45,1.0,87.19
86.99,-1.37,-1.0,86.66
86.99,0.0,0.0,87.16
86.73,-0.26,-1.0,87.06
86.96,0.23,1.0,86.92
86.98,0.02,1.0,89.98
87.63,0.65,1.0,89.33
86.76,-0.87,-1.0,89.08
86.95,0.19,1.0,90.6
87.18,0.23,1.0,91.15
86.22,-0.96,-1.0,90.9
85.05,-1.17,-1.0,91.39
86.52,1.47,1.0,91.08
85.89,-0.63,-1.0,91.89
86.5,0.61,1.0,92.34
86.39,-0.11,-1.0,93.27
87.29,0.9,1.0,94.38
87.35,0.06,1.0,94.39
86.71,-0.64,-1.0,95.59
86.41,-0.3,-1.0,96.39
86.69,0.28,1.0,96.65
86.26,-0.43,-1.0,96.92
87.56,1.3,1.0,96.57
86.91,-0.65,-1.0,97.04
85.26,-1.65,-1.0,96.02
87.43,2.17,1.0,95.77
86.6,-0.83,-1.0,95.24
86.32,-0.28,-1.0,96.05
84.95,-1.37,-1.0,96.0
85.46,0.51,1.0,97.57
83.33,-2.13,-1.0,98.19
84.6,1.27,1.0,98.22
85.47,0.87,1.0,98.06
86.2,0.73,1.0,98.4
84.81,-1.39,-1.0,97.69
83.28,-1.53,-1.0,98.76
84.14,0.86,1.0,100.85
84.86,0.72,1.0,101.09
85.73,0.87,1.0,102.33
85.94,0.21,1.0,102.47
85.75,-0.19,-1.0,102.6
86.84,1.09,1.0,102.93
86.38,-0.46,-1.0,103.31
84.72,-1.66,-1.0,103.05
82.07,-2.65,-1.0,103.45
82.27,0.2,1.0,102.78
81.26,-1.01,-1.0,
78.78,-2.48,-1.0,
78.13,-0.65,-1.0,
78.51,0.38,1.0,
79.47,0.96,1.0,
77.34,-2.13,-1.0,
78.99,1.65,1.0,
77.92,-1.07,-1.0,
79.11,1.19,1.0,
78.22,-0.89,-1.0,
79.25,1.03,1.0,
81.11,1.86,1.0,
80.09,-1.02,-1.0,
80.89,0.8,1.0,
80.48,-0.41,-1.0,
80.75,0.27,1.0,
83.09,2.34,1.0,
82.97,-0.12,-1.0,
82.17,-0.8,-1.0,
82.15,-0.02,-1.0,
82.8,0.65,1.0,
81.31,-1.49,-1.0,
81.25,-0.06,-1.0,
80.67,-0.58,-1.0,
80.83,0.16,1.0,
80.21,-0.62,-1.0,
81.74,1.53,1.0,
83.78,2.04,1.0,
85.33,1.55,1.0,
84.91,-0.42,-1.0,
85.56,0.65,1.0,
86.4,0.84,1.0,
84.85,-1.55,-1.0,
85.26,0.41,1.0,
85.92,0.66,1.0,
85.66,-0.26,-1.0,
84.69,-0.97,-1.0,
86.77,2.08,1.0,
85.65,-1.12,-1.0,
85.65,0.0,0.0,
86.19,0.54,1.0,
86.09,-0.1,-1.0,
85.49,-0.6,-1.0,
85.72,0.23,1.0,
85.2,-0.52,-1.0,
87.27,2.07,1.0,
87.27,0.0,0.0,
87.32,0.05,1.0,
87.66,0.34,1.0,
88.84,1.18,1.0,
88.64,-0.2,-1.0,
89.01,0.37,1.0,
88.64,-0.37,-1.0,
88.53,-0.11,-1.0,
88.75,0.22,1.0,
88.3,-0.45,-1.0,
89.43,1.13,1.0,
89.15,-0.28,-1.0,
89.71,0.56,1.0,
90.26,0.55,1.0,
89.71,-0.55,-1.0,
89.75,0.04,1.0,
90.84,1.09,1.0,
89.8,-1.04,-1.0,
90.33,0.53,1.0,
89.71,-0.62,-1.0,
90.11,0.4,1.0,
90.24,0.13,1.0,
90.26,0.02,1.0,
90.15,-0.11,-1.0,
90.7,0.55,1.0,
90.74,0.04,1.0,
90.12,-0.62,-1.0,
89.35,-0.77,-1.0,
89.65,0.3,1.0,
89.58,-0.07,-1.0,
89.79,0.21,1.0,
90.12,0.33,1.0,
89.1,-1.02,-1.0,
88.44,-0.66,-1.0,
89.43,0.99,1.0,
88.81,-0.62,-1.0,
88.39,-0.42,-1.0,
86.45,-1.94,-1.0,
86.85,0.4,1.0,
87.16,0.31,1.0,
88.5,1.34,1.0,
86.67,-1.83,-1.0,
86.54,-0.13,-1.0,
85.76,-0.78,-1.0,
86.7,0.94,1.0,
85.35,-1.35,-1.0,
85.6,0.25,1.0,
85.14,-0.46,-1.0,
85.47,0.33,1.0,
85.25,-0.22,-1.0,
87.46,2.21,1.0,
87.52,0.06,1.0,
87.7,0.18,1.0,
88.04,0.34,1.0,
87.84,-0.2,-1.0,
88.12,0.28,1.0,
88.09,-0.03,-1.0,
87.33,-0.76,-1.0,
87.69,0.36,1.0,
86.87,-0.82,-1.0,
87.22,0.35,1.0,
87.63,0.41,1.0,
87.09,-0.54,-1.0,
87.16,0.07,1.0,
87.49,0.33,1.0,
87.61,0.12,1.0,
88.03,0.42,1.0,
87.61,-0.42,-1.0,
89.04,1.43,1.0,
89.34,0.3,1.0,
88.82,-0.52,-1.0,
89.94,1.12,1.0,
86.72,-3.22,-1.0,
85.66,-1.06,-1.0,
87.92,2.26,1.0,
89.13,1.21,1.0,
91.87,2.74,1.0,
92.75,0.88,1.0,
93.31,0.56,1.0,
93.42,0.11,1.0,
93.5,0.08,1.0,
94.47,0.97,1.0,
95.14,0.67,1.0,
94.81,-0.33,-1.0,
95.14,0.33,1.0,
95.21,0.07,1.0,
95.06,-0.15,-1.0,
94.93,-0.13,-1.0,
95.02,0.09,1.0,
95.39,0.37,1.0,
94.88,-0.51,-1.0,
95.44,0.56,1.0,
95.29,-0.15,-1.0,
95.72,0.43,1.0,
94.93,-0.79,-1.0,
91.73,-3.2,-1.0,
88.95,-2.78,-1.0,
88.67,-0.28,-1.0,
87.97,-0.7,-1.0,
88.19,0.22,1.0,
88.41,0.22,1.0,
89.67,1.26,1.0,
89.44,-0.23,-1.0,
89.97,0.53,1.0,
90.04,0.07,1.0,
90.4,0.36,1.0,
90.13,-0.27,-1.0,
90.35,0.22,1.0,
89.56,-0.79,-1.0,
89.33,-0.23,-1.0,
89.83,0.5,1.0,
89.85,0.02,1.0,
89.91,0.06,1.0,
89.98,0.07,1.0,
89.68,-0.3,-1.0,
89.77,0.09,1.0,
89.79,0.02,1.0,
89.59,-0.2,-1.0,
89.79,0.2,1.0,
89.81,0.02,1.0,
90.63,0.82,1.0,
90.39,-0.24,-1.0,
89.86,-0.53,-1.0,
89.96,0.1,1.0,
89.47,-0.49,-1.0,
86.57,-2.9,-1.0,
88.14,1.57,1.0,
86.69,-1.45,-1.0,
86.69,0.0,0.0,
87.48,0.79,1.0,
86.75,-0.73,-1.0,
86.56,-0.19,-1.0,
87.79,1.23,1.0,
88.88,1.09,1.0,
89.46,0.58,1.0,
88.47,-0.99,-1.0,
88.19,-0.28,-1.0,
88.95,0.76,1.0,
87.45,-1.5,-1.0,
87.21,-0.24,-1.0,
88.2,0.99,1.0,
87.63,-0.57,-1.0,
87.17,-0.46,-1.0,
87.58,0.41,1.0,
87.56,-0.02,-1.0,
87.37,-0.19,-1.0,
87.77,0.4,1.0,
86.09,-1.68,-1.0,
86.87,0.78,1.0,
86.89,0.02,1.0,
87.56,0.67,1.0,
87.24,-0.32,-1.0,
87.38,0.14,1.0,
87.43,0.05,1.0,
86.84,-0.59,-1.0,
86.72,-0.12,-1.0,
87.67,0.95,1.0,
87.5,-0.17,-1.0,
87.19,-0.31,-1.0,
86.66,-0.53,-1.0,
87.16,0.5,1.0,
87.06,-0.1,-1.0,
86.92,-0.14,-1.0,
89.98,3.06,1.0,
89.33,-0.65,-1.0,
89.08,-0.25,-1.0,
90.6,1.52,1.0,
91.15,0.55,1.0,
90.9,-0.25,-1.0,
91.39,0.49,1.0,
91.08,-0.31,-1.0,
91.89,0.81,1.0,
92.34,0.45,1.0,
93.27,0.93,1.0,
94.38,1.11,1.0,
94.39,0.01,1.0,
95.59,1.2,1.0,
96.39,0.8,1.0,
96.65,0.26,1.0,
96.92,0.27,1.0,
96.57,-0.35,-1.0,
97.04,0.47,1.0,
96.02,-1.02,-1.0,
95.77,-0.25,-1.0,
95.24,-0.53,-1.0,
96.05,0.81,1.0,
96.0,-0.05,-1.0,
97.57,1.57,1.0,
98.19,0.62,1.0,
98.22,0.03,1.0,
98.06,-0.16,-1.0,
98.4,0.34,1.0,
97.69,-0.71,-1.0,
98.76,1.07,1.0,
100.85,2.09,1.0,
101.09,0.24,1.0,
102.33,1.24,1.0,
102.47,0.14,1.0,
102.6,0.13,1.0,
102.93,0.33,1.0,
103.31,0.38,1.0,
103.05,-0.26,-1.0,
103.45,0.4,1.0,
102.78,-0.67,-1.0,
